chunk,trial,time_ms
1,1,0.578
1,2,0.584
1,3,0.569
1,4,0.566
1,5,0.567
2,1,0.328
2,2,0.326
2,3,0.331
2,4,0.330
2,5,0.326
4,1,0.233
4,2,0.230
4,3,0.232
4,4,0.230
4,5,0.227
8,1,0.199
8,2,0.198
8,3,0.193
8,4,0.191
8,5,0.195
16,1,0.185
16,2,0.185
16,3,0.186
16,4,0.184
16,5,0.187
32,1,0.179
32,2,0.185
32,3,0.184
32,4,0.183
32,5,0.346
64,1,0.183
64,2,0.180
64,3,0.183
64,4,0.184
64,5,0.183
128,1,0.182
128,2,0.186
128,3,0.177
128,4,0.180
128,5,0.180
192,1,0.280
192,2,0.183
192,3,0.183
192,4,0.185
192,5,0.184
256,1,0.201
256,2,0.207
256,3,0.186
256,4,0.188
256,5,0.188
320,1,0.187
320,2,0.189
320,3,0.195
320,4,0.184
320,5,0.208
384,1,0.189
384,2,0.184
384,3,0.182
384,4,0.189
384,5,0.187
512,1,0.190
512,2,0.190
512,3,0.193
512,4,0.190
512,5,0.189
768,1,0.201
768,2,0.205
768,3,0.201
768,4,0.205
768,5,0.205
1024,1,0.210
1024,2,0.210
1024,3,0.206
1024,4,0.211
1024,5,0.236
