chunk,mean_ms,median_ms,min_ms,max_ms,std_ms
1,0.5728,0.569,0.566,0.584,0.0078549347546622
2,0.3282,0.328,0.326,0.331,0.002280350850198278
4,0.23040000000000002,0.23,0.227,0.233,0.0023021728866442696
8,0.1952,0.195,0.191,0.199,0.003346640106136305
16,0.1854,0.185,0.184,0.187,0.001140175425099139
32,0.21539999999999998,0.184,0.179,0.346,0.07304313793916578
64,0.18259999999999998,0.183,0.18,0.184,0.0015165750888103114
128,0.181,0.18,0.177,0.186,0.003316624790355403
192,0.203,0.184,0.183,0.28,0.04305229378325853
256,0.194,0.188,0.186,0.207,0.009407443861113389
320,0.1926,0.189,0.184,0.208,0.009502631214563677
384,0.1862,0.187,0.182,0.189,0.0031144823004794903
512,0.1904,0.19,0.189,0.193,0.0015165750888103114
768,0.2034,0.205,0.201,0.205,0.002190890230020651
1024,0.21459999999999999,0.21,0.206,0.236,0.012116104984688765
