trial,chunk,serial_ms,std_thread_ms,static_ms,dynamic_ms,static_over_dynamic,dynamic_improvement_percent
1,384,0.653,0.232,0.496,0.206,2.4077669902912624,58.46774193548387
1,16,0.696,0.236,0.261,0.322,0.8105590062111802,-23.37164750957854
1,192,0.745,0.263,0.252,0.217,1.1612903225806452,13.88888888888889
1,256,0.69,0.258,0.247,0.218,1.1330275229357798,11.740890688259109
1,768,0.699,0.245,0.263,0.221,1.1900452488687783,15.969581749049432
1,512,0.712,0.649,0.266,0.285,0.9333333333333335,-7.142857142857128
1,8,1.053,0.7,0.506,0.694,0.729106628242075,-37.15415019762845
1,4,0.992,0.375,0.459,0.365,1.2575342465753425,20.479302832244013
1,64,0.838,0.35,0.339,0.298,1.1375838926174497,12.094395280235998
1,32,0.815,0.43,0.404,0.335,1.2059701492537314,17.07920792079208
1,320,0.715,0.253,0.244,0.213,1.1455399061032865,12.704918032786885
1,1,0.698,0.269,0.277,0.598,0.4632107023411372,-115.88447653429601
1,1024,0.689,0.247,0.248,0.242,1.024793388429752,2.4193548387096793
1,128,0.69,0.312,0.245,0.201,1.2189054726368158,17.959183673469383
1,2,0.7,0.236,0.244,0.336,0.7261904761904762,-37.7049180327869
2,128,0.678,0.229,0.228,0.183,1.2459016393442623,19.736842105263165
2,512,0.687,0.292,0.246,0.197,1.248730964467005,19.918699186991866
2,8,0.709,0.339,0.402,0.286,1.4055944055944058,28.855721393034834
2,64,0.745,0.258,0.266,0.211,1.2606635071090049,20.676691729323316
2,320,0.737,0.319,0.327,0.258,1.2674418604651163,21.100917431192663
2,192,0.711,0.447,0.472,0.29,1.6275862068965516,38.559322033898304
2,2,0.725,0.329,0.294,0.414,0.7101449275362319,-40.816326530612244
2,16,0.711,0.46,0.56,0.442,1.2669683257918554,21.071428571428577
2,256,0.868,0.486,0.523,0.408,1.2818627450980393,21.9885277246654
2,1024,0.867,0.33,0.249,0.238,1.046218487394958,4.417670682730928
2,1,0.952,0.435,0.279,0.579,0.48186528497409337,-107.52688172043008
2,384,0.673,0.228,0.228,0.19,1.2,16.666666666666668
2,4,0.683,0.227,0.232,0.228,1.0175438596491229,1.7241379310344842
2,768,0.68,0.221,0.224,0.201,1.1144278606965174,10.267857142857139
2,32,0.687,0.217,0.242,0.188,1.2872340425531914,22.314049586776857
3,1,0.692,0.221,0.231,0.584,0.3955479452054795,-152.8138528138528
3,32,0.677,0.224,0.234,0.194,1.2061855670103092,17.094017094017097
3,2,0.685,0.221,0.226,0.326,0.6932515337423313,-44.24778761061947
3,8,0.675,0.293,0.233,0.217,1.0737327188940093,6.866952789699576
3,16,0.681,0.222,0.226,0.185,1.2216216216216216,18.141592920353986
3,256,0.681,0.222,0.229,0.182,1.2582417582417584,20.524017467248914
3,512,0.696,0.218,0.224,0.192,1.1666666666666667,14.285714285714285
3,320,0.694,0.218,0.226,0.192,1.1770833333333333,15.04424778761062
3,192,0.69,0.223,0.226,0.183,1.2349726775956285,19.026548672566378
3,64,0.687,0.218,0.227,0.187,1.213903743315508,17.62114537444934
3,1024,0.693,0.237,0.233,0.215,1.083720930232558,7.725321888412023
3,4,0.694,0.239,0.232,0.231,1.0043290043290043,0.43103448275862105
3,768,0.679,0.22,0.225,0.194,1.1597938144329898,13.777777777777779
3,128,0.691,0.221,0.23,0.179,1.2849162011173185,22.17391304347827
3,384,0.686,0.331,0.231,0.208,1.1105769230769231,9.956709956709965
4,384,0.689,0.222,0.231,0.185,1.2486486486486488,19.91341991341992
4,512,0.69,0.224,0.238,0.22,1.0818181818181818,7.563025210084029
4,320,0.682,0.22,0.229,0.185,1.2378378378378379,19.21397379912664
4,4,0.695,0.22,0.224,0.244,0.9180327868852459,-8.928571428571425
4,1024,0.695,0.246,0.243,0.218,1.1146788990825687,10.288065843621396
4,2,0.705,0.257,0.229,0.34,0.6735294117647058,-48.47161572052403
4,8,0.682,0.224,0.227,0.193,1.1761658031088082,14.977973568281937
4,768,0.684,0.231,0.23,0.197,1.16751269035533,14.347826086956522
4,256,0.682,0.219,0.234,0.184,1.2717391304347827,21.367521367521373
4,128,0.7,0.235,0.235,0.182,1.291208791208791,22.553191489361698
4,1,0.686,0.222,0.228,0.582,0.3917525773195877,-155.26315789473685
4,192,0.682,0.271,0.236,0.191,1.2356020942408377,19.067796610169484
4,32,0.694,0.225,0.219,0.18,1.2166666666666668,17.808219178082194
4,64,0.69,0.225,0.224,0.184,1.2173913043478262,17.85714285714286
4,16,0.684,0.255,0.235,0.192,1.2239583333333333,18.297872340425524
5,64,0.688,0.243,0.238,0.19,1.2526315789473683,20.168067226890752
5,1024,0.694,0.221,0.224,0.209,1.0717703349282297,6.6964285714285765
5,1,0.711,0.229,0.244,0.586,0.416382252559727,-140.1639344262295
5,384,0.758,0.223,0.23,0.218,1.0550458715596331,5.217391304347831
5,768,0.69,0.245,0.234,0.202,1.1584158415841583,13.675213675213675
5,192,0.687,0.223,0.229,0.187,1.2245989304812834,18.340611353711793
5,2,0.685,0.224,0.228,0.324,0.7037037037037037,-42.10526315789473
5,8,0.677,0.234,0.229,0.196,1.1683673469387754,14.41048034934498
5,256,0.682,0.233,0.23,0.185,1.2432432432432432,19.56521739130435
5,128,0.693,0.223,0.227,0.182,1.2472527472527473,19.82378854625551
5,16,0.694,0.219,0.234,0.19,1.231578947368421,18.803418803418808
5,512,0.685,0.243,0.235,0.199,1.1809045226130652,15.319148936170205
5,32,0.698,0.219,0.229,0.183,1.2513661202185793,20.08733624454149
5,4,0.685,0.225,0.222,0.229,0.9694323144104803,-3.1531531531531556
5,320,0.678,0.22,0.225,0.185,1.2162162162162162,17.777777777777782
6,16,0.684,0.221,0.226,0.187,1.2085561497326203,17.256637168141594
6,8,0.687,0.23,0.231,0.197,1.1725888324873097,14.71861471861472
6,1024,0.687,0.243,0.243,0.218,1.1146788990825687,10.288065843621396
6,4,0.707,0.237,0.234,0.248,0.9435483870967742,-5.982905982905976
6,32,0.687,0.241,0.237,0.203,1.1674876847290638,14.345991561181426
6,64,0.69,0.226,0.223,0.19,1.1736842105263159,14.798206278026907
6,192,0.682,0.224,0.227,0.185,1.2270270270270272,18.50220264317181
6,512,0.687,0.225,0.24,0.193,1.2435233160621761,19.58333333333333
6,2,0.687,0.252,0.238,0.334,0.7125748502994012,-40.336134453781526
6,128,0.681,0.225,0.237,0.182,1.3021978021978022,23.20675105485232
6,384,0.719,0.237,0.235,0.198,1.1868686868686869,15.744680851063823
6,320,0.685,0.226,0.225,0.376,0.598404255319149,-67.11111111111111
6,256,0.78,0.236,0.24,0.192,1.25,19.999999999999996
6,1,0.693,0.227,0.24,0.585,0.41025641025641024,-143.75
6,768,0.685,0.226,0.234,0.208,1.1250000000000002,11.11111111111112
7,128,0.689,0.226,0.235,0.187,1.2566844919786095,20.425531914893615
7,1,0.705,0.227,0.23,0.59,0.3898305084745763,-156.52173913043475
7,16,0.687,0.218,0.236,0.185,1.2756756756756755,21.610169491525422
7,512,0.699,0.246,0.382,0.33,1.1575757575757575,13.612565445026176
7,320,0.706,0.497,0.24,0.195,1.2307692307692306,18.749999999999993
7,768,0.702,0.227,0.232,0.219,1.0593607305936075,5.603448275862074
7,32,0.687,0.231,0.232,0.207,1.1207729468599035,10.775862068965527
7,384,0.759,0.246,0.258,0.205,1.2585365853658537,20.542635658914733
7,8,0.691,0.242,0.242,0.22,1.0999999999999999,9.090909090909088
7,192,0.692,0.236,0.231,0.187,1.2352941176470589,19.04761904761905
7,256,0.702,0.277,0.259,0.192,1.3489583333333333,25.868725868725868
7,1024,0.711,0.246,0.251,0.327,0.7675840978593272,-30.2788844621514
7,2,0.795,0.229,0.232,0.337,0.6884272997032641,-45.258620689655174
7,4,0.68,0.224,0.232,0.231,1.0043290043290043,0.43103448275862105
7,64,0.691,0.24,0.229,0.184,1.2445652173913044,19.650655021834066
