chunk,serial_median_ms,std_thread_median_ms,static_median_ms,dynamic_median_ms,dynamic_std_ms,static_over_dynamic_median,dynamic_improvement_percent_median
1,0.698,0.227,0.24,0.585,0.006183695920571718,0.41025641025641024,-143.75
2,0.7,0.236,0.232,0.336,0.03122956474697836,0.7037037037037037,-42.10526315789473
4,0.694,0.227,0.232,0.231,0.04969142879046742,1.0043290043290043,0.43103448275862105
8,0.687,0.242,0.233,0.217,0.1826886500501409,1.1683673469387754,14.41048034934498
16,0.687,0.222,0.235,0.19,0.10092524343247711,1.2239583333333333,18.297872340425524
32,0.687,0.225,0.234,0.194,0.05476443058357183,1.2061855670103092,17.094017094017097
64,0.69,0.24,0.229,0.19,0.04149182363516248,1.2173913043478262,17.85714285714286
128,0.69,0.226,0.235,0.182,0.007380798769522887,1.2566844919786095,20.425531914893615
192,0.69,0.236,0.231,0.187,0.0389303407199504,1.2349726775956285,19.026548672566378
256,0.69,0.236,0.24,0.192,0.08248030067840441,1.2582417582417584,20.524017467248914
320,0.694,0.226,0.229,0.195,0.06964536015038038,1.2162162162162162,17.777777777777782
384,0.689,0.232,0.231,0.205,0.011282097069504154,1.2,16.666666666666668
512,0.69,0.243,0.24,0.199,0.054746167511003516,1.1666666666666667,14.285714285714285
768,0.685,0.227,0.232,0.202,0.01051982255870633,1.1584158415841583,13.675213675213675
1024,0.694,0.246,0.243,0.218,0.041042370673198096,1.0717703349282297,6.6964285714285765
