case,trial,version,strategy,ms
default_t1,0,original,serial,0.647
default_t1,0,original,std::thread,0.671
default_t1,0,original,student1,0.647
default_t1,0,original,student2,0.658
default_t1,0,original,student3,0.658
default_t1,0,optimized,serial,0.654
default_t1,0,optimized,std::thread,0.668
default_t1,0,optimized,student1,0.648
default_t1,0,optimized,student2,0.668
default_t1,0,optimized,student3,0.488
default_t1,1,original,serial,0.654
default_t1,1,original,std::thread,0.666
default_t1,1,original,student1,0.671
default_t1,1,original,student2,0.676
default_t1,1,original,student3,0.67
default_t1,1,optimized,serial,0.662
default_t1,1,optimized,std::thread,0.675
default_t1,1,optimized,student1,0.65
default_t1,1,optimized,student2,0.654
default_t1,1,optimized,student3,0.5
default_t1,2,original,serial,0.653
default_t1,2,original,std::thread,0.673
default_t1,2,original,student1,0.656
default_t1,2,original,student2,0.661
default_t1,2,original,student3,0.655
default_t1,2,optimized,serial,0.654
default_t1,2,optimized,std::thread,0.671
default_t1,2,optimized,student1,0.667
default_t1,2,optimized,student2,0.674
default_t1,2,optimized,student3,0.498
default_t1,3,optimized,serial,0.669
default_t1,3,optimized,std::thread,0.68
default_t1,3,optimized,student1,0.658
default_t1,3,optimized,student2,0.655
default_t1,3,optimized,student3,0.498
default_t1,3,original,serial,0.664
default_t1,3,original,std::thread,0.69
default_t1,3,original,student1,0.677
default_t1,3,original,student2,0.676
default_t1,3,original,student3,0.67
default_t1,4,optimized,serial,0.663
default_t1,4,optimized,std::thread,0.687
default_t1,4,optimized,student1,0.679
default_t1,4,optimized,student2,0.678
default_t1,4,optimized,student3,0.501
default_t1,4,original,serial,0.661
default_t1,4,original,std::thread,0.678
default_t1,4,original,student1,0.661
default_t1,4,original,student2,0.657
default_t1,4,original,student3,0.66
default_t1,5,optimized,serial,0.665
default_t1,5,optimized,std::thread,0.681
default_t1,5,optimized,student1,0.653
default_t1,5,optimized,student2,0.662
default_t1,5,optimized,student3,0.496
default_t1,5,original,serial,0.657
default_t1,5,original,std::thread,0.71
default_t1,5,original,student1,0.679
default_t1,5,original,student2,0.66
default_t1,5,original,student3,0.662
default_t1,6,optimized,serial,0.664
default_t1,6,optimized,std::thread,0.68
default_t1,6,optimized,student1,0.667
default_t1,6,optimized,student2,0.66
default_t1,6,optimized,student3,0.493
default_t1,6,original,serial,0.66
default_t1,6,original,std::thread,0.676
default_t1,6,original,student1,0.661
default_t1,6,original,student2,0.659
default_t1,6,original,student3,0.663
default_t1,7,optimized,serial,0.67
default_t1,7,optimized,std::thread,0.694
default_t1,7,optimized,student1,0.667
default_t1,7,optimized,student2,0.662
default_t1,7,optimized,student3,0.499
default_t1,7,original,serial,0.667
default_t1,7,original,std::thread,0.68
default_t1,7,original,student1,0.807
default_t1,7,original,student2,0.661
default_t1,7,original,student3,0.677
default_t1,8,original,serial,0.679
default_t1,8,original,std::thread,0.701
default_t1,8,original,student1,0.665
default_t1,8,original,student2,0.662
default_t1,8,original,student3,0.664
default_t1,8,optimized,serial,0.676
default_t1,8,optimized,std::thread,0.689
default_t1,8,optimized,student1,0.661
default_t1,8,optimized,student2,0.66
default_t1,8,optimized,student3,0.497
default_t1,9,original,serial,0.666
default_t1,9,original,std::thread,0.679
default_t1,9,original,student1,0.662
default_t1,9,original,student2,0.662
default_t1,9,original,student3,0.667
default_t1,9,optimized,serial,0.663
default_t1,9,optimized,std::thread,0.681
default_t1,9,optimized,student1,0.661
default_t1,9,optimized,student2,0.658
default_t1,9,optimized,student3,0.509
default_t2,0,original,serial,0.68
default_t2,0,original,std::thread,0.394
default_t2,0,original,student1,0.372
default_t2,0,original,student2,0.345
default_t2,0,original,student3,0.353
default_t2,0,optimized,serial,0.678
default_t2,0,optimized,std::thread,0.394
default_t2,0,optimized,student1,0.371
default_t2,0,optimized,student2,0.34
default_t2,0,optimized,student3,0.264
default_t2,1,original,serial,0.664
default_t2,1,original,std::thread,0.396
default_t2,1,original,student1,0.37
default_t2,1,original,student2,0.343
default_t2,1,original,student3,0.354
default_t2,1,optimized,serial,0.665
default_t2,1,optimized,std::thread,0.394
default_t2,1,optimized,student1,0.369
default_t2,1,optimized,student2,0.692
default_t2,1,optimized,student3,0.27
default_t2,2,original,serial,0.68
default_t2,2,original,std::thread,0.423
default_t2,2,original,student1,0.379
default_t2,2,original,student2,0.345
default_t2,2,original,student3,0.356
default_t2,2,optimized,serial,0.676
default_t2,2,optimized,std::thread,0.397
default_t2,2,optimized,student1,0.376
default_t2,2,optimized,student2,0.348
default_t2,2,optimized,student3,0.265
default_t2,3,optimized,serial,0.678
default_t2,3,optimized,std::thread,0.396
default_t2,3,optimized,student1,0.375
default_t2,3,optimized,student2,0.36
default_t2,3,optimized,student3,0.292
default_t2,3,original,serial,0.732
default_t2,3,original,std::thread,0.42
default_t2,3,original,student1,0.388
default_t2,3,original,student2,0.358
default_t2,3,original,student3,0.357
default_t2,4,optimized,serial,0.676
default_t2,4,optimized,std::thread,0.416
default_t2,4,optimized,student1,0.396
default_t2,4,optimized,student2,0.651
default_t2,4,optimized,student3,0.265
default_t2,4,original,serial,0.679
default_t2,4,original,std::thread,0.399
default_t2,4,original,student1,0.375
default_t2,4,original,student2,0.346
default_t2,4,original,student3,0.356
default_t2,5,optimized,serial,0.671
default_t2,5,optimized,std::thread,0.395
default_t2,5,optimized,student1,0.37
default_t2,5,optimized,student2,0.345
default_t2,5,optimized,student3,0.261
default_t2,5,original,serial,0.665
default_t2,5,original,std::thread,0.395
default_t2,5,original,student1,0.375
default_t2,5,original,student2,0.344
default_t2,5,original,student3,0.352
default_t2,6,original,serial,0.668
default_t2,6,original,std::thread,0.393
default_t2,6,original,student1,0.378
default_t2,6,original,student2,0.346
default_t2,6,original,student3,0.357
default_t2,6,optimized,serial,0.666
default_t2,6,optimized,std::thread,0.396
default_t2,6,optimized,student1,0.37
default_t2,6,optimized,student2,0.342
default_t2,6,optimized,student3,0.264
default_t2,7,original,serial,0.679
default_t2,7,original,std::thread,0.399
default_t2,7,original,student1,0.374
default_t2,7,original,student2,0.345
default_t2,7,original,student3,0.352
default_t2,7,optimized,serial,0.672
default_t2,7,optimized,std::thread,0.393
default_t2,7,optimized,student1,0.371
default_t2,7,optimized,student2,0.341
default_t2,7,optimized,student3,0.261
default_t2,8,original,serial,0.666
default_t2,8,original,std::thread,0.392
default_t2,8,original,student1,0.374
default_t2,8,original,student2,0.344
default_t2,8,original,student3,0.351
default_t2,8,optimized,serial,0.672
default_t2,8,optimized,std::thread,0.404
default_t2,8,optimized,student1,0.369
default_t2,8,optimized,student2,0.342
default_t2,8,optimized,student3,0.264
default_t2,9,original,serial,0.666
default_t2,9,original,std::thread,0.394
default_t2,9,original,student1,0.374
default_t2,9,original,student2,0.341
default_t2,9,original,student3,0.353
default_t2,9,optimized,serial,0.665
default_t2,9,optimized,std::thread,0.396
default_t2,9,optimized,student1,0.382
default_t2,9,optimized,student2,0.346
default_t2,9,optimized,student3,0.268
default_t4,0,original,serial,0.679
default_t4,0,original,std::thread,0.251
default_t4,0,original,student1,0.242
default_t4,0,original,student2,0.214
default_t4,0,original,student3,0.208
default_t4,0,optimized,serial,0.677
default_t4,0,optimized,std::thread,0.225
default_t4,0,optimized,student1,0.21
default_t4,0,optimized,student2,0.216
default_t4,0,optimized,student3,0.231
default_t4,1,original,serial,0.748
default_t4,1,original,std::thread,0.242
default_t4,1,original,student1,0.261
default_t4,1,original,student2,0.208
default_t4,1,original,student3,0.211
default_t4,1,optimized,serial,0.714
default_t4,1,optimized,std::thread,0.254
default_t4,1,optimized,student1,0.255
default_t4,1,optimized,student2,0.195
default_t4,1,optimized,student3,0.163
default_t4,2,original,serial,0.742
default_t4,2,original,std::thread,0.238
default_t4,2,original,student1,0.214
default_t4,2,original,student2,0.196
default_t4,2,original,student3,0.207
default_t4,2,optimized,serial,0.715
default_t4,2,optimized,std::thread,0.224
default_t4,2,optimized,student1,0.393
default_t4,2,optimized,student2,0.241
default_t4,2,optimized,student3,0.153
default_t4,3,optimized,serial,0.722
default_t4,3,optimized,std::thread,0.228
default_t4,3,optimized,student1,0.208
default_t4,3,optimized,student2,0.199
default_t4,3,optimized,student3,0.151
default_t4,3,original,serial,0.743
default_t4,3,original,std::thread,0.234
default_t4,3,original,student1,0.215
default_t4,3,original,student2,0.22
default_t4,3,original,student3,0.291
default_t4,4,optimized,serial,0.723
default_t4,4,optimized,std::thread,0.226
default_t4,4,optimized,student1,0.207
default_t4,4,optimized,student2,0.195
default_t4,4,optimized,student3,0.162
default_t4,4,original,serial,0.739
default_t4,4,original,std::thread,0.233
default_t4,4,original,student1,0.213
default_t4,4,original,student2,0.198
default_t4,4,original,student3,0.208
default_t4,5,optimized,serial,0.713
default_t4,5,optimized,std::thread,0.228
default_t4,5,optimized,student1,0.21
default_t4,5,optimized,student2,0.198
default_t4,5,optimized,student3,0.153
default_t4,5,original,serial,0.717
default_t4,5,original,std::thread,0.228
default_t4,5,original,student1,0.207
default_t4,5,original,student2,0.202
default_t4,5,original,student3,0.208
default_t4,6,optimized,serial,0.704
default_t4,6,optimized,std::thread,0.227
default_t4,6,optimized,student1,0.207
default_t4,6,optimized,student2,0.198
default_t4,6,optimized,student3,0.153
default_t4,6,original,serial,0.732
default_t4,6,original,std::thread,0.286
default_t4,6,original,student1,0.245
default_t4,6,original,student2,0.198
default_t4,6,original,student3,0.209
default_t4,7,original,serial,0.714
default_t4,7,original,std::thread,0.228
default_t4,7,original,student1,0.216
default_t4,7,original,student2,0.198
default_t4,7,original,student3,0.21
default_t4,7,optimized,serial,0.71
default_t4,7,optimized,std::thread,0.227
default_t4,7,optimized,student1,0.209
default_t4,7,optimized,student2,0.195
default_t4,7,optimized,student3,0.161
default_t4,8,original,serial,0.715
default_t4,8,original,std::thread,0.246
default_t4,8,original,student1,0.225
default_t4,8,original,student2,0.216
default_t4,8,original,student3,0.226
default_t4,8,optimized,serial,0.7
default_t4,8,optimized,std::thread,0.252
default_t4,8,optimized,student1,0.225
default_t4,8,optimized,student2,0.214
default_t4,8,optimized,student3,0.18
default_t4,9,original,serial,0.74
default_t4,9,original,std::thread,0.232
default_t4,9,original,student1,0.27
default_t4,9,original,student2,0.227
default_t4,9,original,student3,0.286
default_t4,9,optimized,serial,0.72
default_t4,9,optimized,std::thread,0.228
default_t4,9,optimized,student1,0.212
default_t4,9,optimized,student2,0.195
default_t4,9,optimized,student3,0.155
default_t8,0,optimized,serial,0.738
default_t8,0,optimized,std::thread,0.21
default_t8,0,optimized,student1,0.193
default_t8,0,optimized,student2,0.181
default_t8,0,optimized,student3,0.164
default_t8,0,original,serial,0.715
default_t8,0,original,std::thread,0.204
default_t8,0,original,student1,0.178
default_t8,0,original,student2,0.179
default_t8,0,original,student3,0.206
default_t8,1,optimized,serial,0.706
default_t8,1,optimized,std::thread,0.205
default_t8,1,optimized,student1,0.177
default_t8,1,optimized,student2,0.171
default_t8,1,optimized,student3,0.161
default_t8,1,original,serial,0.726
default_t8,1,original,std::thread,0.204
default_t8,1,original,student1,0.192
default_t8,1,original,student2,0.177
default_t8,1,original,student3,0.218
default_t8,2,optimized,serial,0.714
default_t8,2,optimized,std::thread,0.213
default_t8,2,optimized,student1,0.205
default_t8,2,optimized,student2,0.187
default_t8,2,optimized,student3,0.199
default_t8,2,original,serial,0.723
default_t8,2,original,std::thread,0.203
default_t8,2,original,student1,0.18
default_t8,2,original,student2,0.181
default_t8,2,original,student3,0.215
default_t8,3,original,serial,0.709
default_t8,3,original,std::thread,0.202
default_t8,3,original,student1,0.183
default_t8,3,original,student2,0.404
default_t8,3,original,student3,0.215
default_t8,3,optimized,serial,0.681
default_t8,3,optimized,std::thread,0.204
default_t8,3,optimized,student1,0.184
default_t8,3,optimized,student2,0.171
default_t8,3,optimized,student3,0.169
default_t8,4,optimized,serial,0.742
default_t8,4,optimized,std::thread,0.208
default_t8,4,optimized,student1,0.19
default_t8,4,optimized,student2,0.17
default_t8,4,optimized,student3,0.162
default_t8,4,original,serial,0.739
default_t8,4,original,std::thread,0.209
default_t8,4,original,student1,0.182
default_t8,4,original,student2,0.181
default_t8,4,original,student3,0.211
default_t8,5,original,serial,0.714
default_t8,5,original,std::thread,0.222
default_t8,5,original,student1,0.202
default_t8,5,original,student2,0.191
default_t8,5,original,student3,0.242
default_t8,5,optimized,serial,0.713
default_t8,5,optimized,std::thread,0.204
default_t8,5,optimized,student1,0.175
default_t8,5,optimized,student2,0.172
default_t8,5,optimized,student3,0.161
default_t8,6,original,serial,0.74
default_t8,6,original,std::thread,0.205
default_t8,6,original,student1,0.184
default_t8,6,original,student2,0.179
default_t8,6,original,student3,0.207
default_t8,6,optimized,serial,0.714
default_t8,6,optimized,std::thread,0.208
default_t8,6,optimized,student1,0.193
default_t8,6,optimized,student2,0.173
default_t8,6,optimized,student3,0.177
default_t8,7,original,serial,0.734
default_t8,7,original,std::thread,0.211
default_t8,7,original,student1,0.21
default_t8,7,original,student2,0.182
default_t8,7,original,student3,0.223
default_t8,7,optimized,serial,0.717
default_t8,7,optimized,std::thread,0.207
default_t8,7,optimized,student1,0.188
default_t8,7,optimized,student2,0.178
default_t8,7,optimized,student3,0.172
default_t8,8,optimized,serial,0.732
default_t8,8,optimized,std::thread,0.263
default_t8,8,optimized,student1,0.225
default_t8,8,optimized,student2,0.198
default_t8,8,optimized,student3,0.197
default_t8,8,original,serial,0.72
default_t8,8,original,std::thread,0.202
default_t8,8,original,student1,0.184
default_t8,8,original,student2,0.178
default_t8,8,original,student3,0.217
default_t8,9,original,serial,0.714
default_t8,9,original,std::thread,0.218
default_t8,9,original,student1,0.19
default_t8,9,original,student2,0.173
default_t8,9,original,student3,0.213
default_t8,9,optimized,serial,0.686
default_t8,9,optimized,std::thread,0.207
default_t8,9,optimized,student1,0.183
default_t8,9,optimized,student2,0.175
default_t8,9,optimized,student3,0.162
one_dominant,0,optimized,serial,0.094
one_dominant,0,optimized,std::thread,0.142
one_dominant,0,optimized,student1,0.106
one_dominant,0,optimized,student2,0.098
one_dominant,0,optimized,student3,0.036
one_dominant,0,original,serial,0.092
one_dominant,0,original,std::thread,0.143
one_dominant,0,original,student1,0.104
one_dominant,0,original,student2,0.096
one_dominant,0,original,student3,0.114
one_dominant,1,optimized,serial,0.089
one_dominant,1,optimized,std::thread,0.139
one_dominant,1,optimized,student1,0.104
one_dominant,1,optimized,student2,0.096
one_dominant,1,optimized,student3,0.038
one_dominant,1,original,serial,0.089
one_dominant,1,original,std::thread,0.137
one_dominant,1,original,student1,0.098
one_dominant,1,original,student2,0.093
one_dominant,1,original,student3,0.113
one_dominant,2,optimized,serial,0.09
one_dominant,2,optimized,std::thread,0.141
one_dominant,2,optimized,student1,0.104
one_dominant,2,optimized,student2,0.095
one_dominant,2,optimized,student3,0.035
one_dominant,2,original,serial,0.089
one_dominant,2,original,std::thread,0.136
one_dominant,2,original,student1,0.096
one_dominant,2,original,student2,0.093
one_dominant,2,original,student3,0.11
one_dominant,3,original,serial,0.084
one_dominant,3,original,std::thread,0.136
one_dominant,3,original,student1,0.097
one_dominant,3,original,student2,0.097
one_dominant,3,original,student3,0.114
one_dominant,3,optimized,serial,0.083
one_dominant,3,optimized,std::thread,0.135
one_dominant,3,optimized,student1,0.101
one_dominant,3,optimized,student2,0.094
one_dominant,3,optimized,student3,0.036
one_dominant,4,optimized,serial,0.09
one_dominant,4,optimized,std::thread,0.14
one_dominant,4,optimized,student1,0.1
one_dominant,4,optimized,student2,0.096
one_dominant,4,optimized,student3,0.044
one_dominant,4,original,serial,0.089
one_dominant,4,original,std::thread,0.138
one_dominant,4,original,student1,0.103
one_dominant,4,original,student2,0.099
one_dominant,4,original,student3,0.116
one_dominant,5,optimized,serial,0.091
one_dominant,5,optimized,std::thread,0.137
one_dominant,5,optimized,student1,0.103
one_dominant,5,optimized,student2,0.093
one_dominant,5,optimized,student3,0.035
one_dominant,5,original,serial,0.089
one_dominant,5,original,std::thread,0.141
one_dominant,5,original,student1,0.105
one_dominant,5,original,student2,0.095
one_dominant,5,original,student3,0.117
one_dominant,6,original,serial,0.088
one_dominant,6,original,std::thread,0.135
one_dominant,6,original,student1,0.1
one_dominant,6,original,student2,0.092
one_dominant,6,original,student3,0.109
one_dominant,6,optimized,serial,0.085
one_dominant,6,optimized,std::thread,0.133
one_dominant,6,optimized,student1,0.098
one_dominant,6,optimized,student2,0.094
one_dominant,6,optimized,student3,0.035
one_dominant,7,optimized,serial,0.09
one_dominant,7,optimized,std::thread,0.139
one_dominant,7,optimized,student1,0.103
one_dominant,7,optimized,student2,0.091
one_dominant,7,optimized,student3,0.036
one_dominant,7,original,serial,0.089
one_dominant,7,original,std::thread,0.14
one_dominant,7,original,student1,0.101
one_dominant,7,original,student2,0.095
one_dominant,7,original,student3,0.116
one_dominant,8,optimized,serial,0.089
one_dominant,8,optimized,std::thread,0.137
one_dominant,8,optimized,student1,0.095
one_dominant,8,optimized,student2,0.09
one_dominant,8,optimized,student3,0.035
one_dominant,8,original,serial,0.088
one_dominant,8,original,std::thread,0.139
one_dominant,8,original,student1,0.102
one_dominant,8,original,student2,0.096
one_dominant,8,original,student3,0.116
one_dominant,9,original,serial,0.089
one_dominant,9,original,std::thread,0.135
one_dominant,9,original,student1,0.098
one_dominant,9,original,student2,0.091
one_dominant,9,original,student3,0.11
one_dominant,9,optimized,serial,0.083
one_dominant,9,optimized,std::thread,0.137
one_dominant,9,optimized,student1,0.102
one_dominant,9,optimized,student2,0.092
one_dominant,9,optimized,student3,0.035
no_long,0,optimized,serial,0.181
no_long,0,optimized,std::thread,0.101
no_long,0,optimized,student1,0.072
no_long,0,optimized,student2,0.068
no_long,0,optimized,student3,0.066
no_long,0,original,serial,0.187
no_long,0,original,std::thread,0.103
no_long,0,original,student1,0.066
no_long,0,original,student2,0.065
no_long,0,original,student3,0.091
no_long,1,optimized,serial,0.197
no_long,1,optimized,std::thread,0.105
no_long,1,optimized,student1,0.066
no_long,1,optimized,student2,0.067
no_long,1,optimized,student3,0.067
no_long,1,original,serial,0.186
no_long,1,original,std::thread,0.104
no_long,1,original,student1,0.071
no_long,1,original,student2,0.067
no_long,1,original,student3,0.089
no_long,2,optimized,serial,0.194
no_long,2,optimized,std::thread,0.11
no_long,2,optimized,student1,0.087
no_long,2,optimized,student2,0.088
no_long,2,optimized,student3,0.099
no_long,2,original,serial,0.187
no_long,2,original,std::thread,0.114
no_long,2,original,student1,0.083
no_long,2,original,student2,0.087
no_long,2,original,student3,0.332
no_long,3,original,serial,0.187
no_long,3,original,std::thread,0.106
no_long,3,original,student1,0.066
no_long,3,original,student2,0.066
no_long,3,original,student3,0.09
no_long,3,optimized,serial,0.195
no_long,3,optimized,std::thread,0.106
no_long,3,optimized,student1,0.069
no_long,3,optimized,student2,0.067
no_long,3,optimized,student3,0.068
no_long,4,original,serial,0.188
no_long,4,original,std::thread,0.102
no_long,4,original,student1,0.067
no_long,4,original,student2,0.07
no_long,4,original,student3,0.09
no_long,4,optimized,serial,0.194
no_long,4,optimized,std::thread,0.107
no_long,4,optimized,student1,0.066
no_long,4,optimized,student2,0.067
no_long,4,optimized,student3,0.075
no_long,5,original,serial,0.188
no_long,5,original,std::thread,0.107
no_long,5,original,student1,0.067
no_long,5,original,student2,0.067
no_long,5,original,student3,0.091
no_long,5,optimized,serial,0.194
no_long,5,optimized,std::thread,0.107
no_long,5,optimized,student1,0.071
no_long,5,optimized,student2,0.066
no_long,5,optimized,student3,0.067
no_long,6,original,serial,0.189
no_long,6,original,std::thread,0.102
no_long,6,original,student1,0.067
no_long,6,original,student2,0.067
no_long,6,original,student3,0.093
no_long,6,optimized,serial,0.191
no_long,6,optimized,std::thread,0.104
no_long,6,optimized,student1,0.08
no_long,6,optimized,student2,0.075
no_long,6,optimized,student3,0.082
no_long,7,original,serial,0.185
no_long,7,original,std::thread,0.107
no_long,7,original,student1,0.081
no_long,7,original,student2,0.073
no_long,7,original,student3,0.109
no_long,7,optimized,serial,0.188
no_long,7,optimized,std::thread,0.106
no_long,7,optimized,student1,0.073
no_long,7,optimized,student2,0.072
no_long,7,optimized,student3,0.076
no_long,8,optimized,serial,0.188
no_long,8,optimized,std::thread,0.109
no_long,8,optimized,student1,0.081
no_long,8,optimized,student2,0.068
no_long,8,optimized,student3,0.079
no_long,8,original,serial,0.19
no_long,8,original,std::thread,0.103
no_long,8,original,student1,0.081
no_long,8,original,student2,0.082
no_long,8,original,student3,0.1
no_long,9,optimized,serial,0.189
no_long,9,optimized,std::thread,0.102
no_long,9,optimized,student1,0.066
no_long,9,optimized,student2,0.067
no_long,9,optimized,student3,0.072
no_long,9,original,serial,0.19
no_long,9,original,std::thread,0.103
no_long,9,original,student1,0.065
no_long,9,original,student2,0.066
no_long,9,original,student3,0.089
large_skew,0,optimized,serial,1.335
large_skew,0,optimized,std::thread,0.495
large_skew,0,optimized,student1,0.466
large_skew,0,optimized,student2,0.276
large_skew,0,optimized,student3,0.258
large_skew,0,original,serial,1.308
large_skew,0,original,std::thread,0.487
large_skew,0,original,student1,0.457
large_skew,0,original,student2,0.268
large_skew,0,original,student3,0.363
large_skew,1,original,serial,1.273
large_skew,1,original,std::thread,0.48
large_skew,1,original,student1,0.457
large_skew,1,original,student2,0.271
large_skew,1,original,student3,0.354
large_skew,1,optimized,serial,1.267
large_skew,1,optimized,std::thread,0.499
large_skew,1,optimized,student1,0.512
large_skew,1,optimized,student2,0.273
large_skew,1,optimized,student3,0.262
large_skew,2,original,serial,1.324
large_skew,2,original,std::thread,0.494
large_skew,2,original,student1,0.468
large_skew,2,original,student2,0.273
large_skew,2,original,student3,0.358
large_skew,2,optimized,serial,1.272
large_skew,2,optimized,std::thread,0.484
large_skew,2,optimized,student1,0.457
large_skew,2,optimized,student2,0.279
large_skew,2,optimized,student3,0.267
large_skew,3,optimized,serial,1.317
large_skew,3,optimized,std::thread,0.504
large_skew,3,optimized,student1,0.477
large_skew,3,optimized,student2,0.323
large_skew,3,optimized,student3,0.304
large_skew,3,original,serial,1.285
large_skew,3,original,std::thread,0.486
large_skew,3,original,student1,0.45
large_skew,3,original,student2,0.273
large_skew,3,original,student3,0.355
large_skew,4,original,serial,1.275
large_skew,4,original,std::thread,0.483
large_skew,4,original,student1,0.731
large_skew,4,original,student2,0.301
large_skew,4,original,student3,0.37
large_skew,4,optimized,serial,1.224
large_skew,4,optimized,std::thread,0.485
large_skew,4,optimized,student1,0.474
large_skew,4,optimized,student2,0.312
large_skew,4,optimized,student3,0.317
large_skew,5,optimized,serial,1.32
large_skew,5,optimized,std::thread,0.496
large_skew,5,optimized,student1,0.472
large_skew,5,optimized,student2,0.27
large_skew,5,optimized,student3,0.264
large_skew,5,original,serial,1.314
large_skew,5,original,std::thread,0.501
large_skew,5,original,student1,0.455
large_skew,5,original,student2,0.267
large_skew,5,original,student3,0.363
large_skew,6,original,serial,1.266
large_skew,6,original,std::thread,0.487
large_skew,6,original,student1,0.466
large_skew,6,original,student2,0.272
large_skew,6,original,student3,0.369
large_skew,6,optimized,serial,1.28
large_skew,6,optimized,std::thread,0.491
large_skew,6,optimized,student1,0.454
large_skew,6,optimized,student2,0.276
large_skew,6,optimized,student3,0.264
large_skew,7,optimized,serial,1.326
large_skew,7,optimized,std::thread,0.499
large_skew,7,optimized,student1,0.466
large_skew,7,optimized,student2,0.278
large_skew,7,optimized,student3,0.261
large_skew,7,original,serial,1.315
large_skew,7,original,std::thread,0.496
large_skew,7,original,student1,0.46
large_skew,7,original,student2,0.304
large_skew,7,original,student3,0.364
large_skew,8,optimized,serial,1.292
large_skew,8,optimized,std::thread,0.484
large_skew,8,optimized,student1,0.462
large_skew,8,optimized,student2,0.271
large_skew,8,optimized,student3,0.26
large_skew,8,original,serial,1.325
large_skew,8,original,std::thread,0.499
large_skew,8,original,student1,0.487
large_skew,8,original,student2,0.297
large_skew,8,original,student3,0.386
large_skew,9,original,serial,1.272
large_skew,9,original,std::thread,0.484
large_skew,9,original,student1,0.46
large_skew,9,original,student2,0.286
large_skew,9,original,student3,0.372
large_skew,9,optimized,serial,1.262
large_skew,9,optimized,std::thread,0.491
large_skew,9,optimized,student1,0.453
large_skew,9,optimized,student2,0.274
large_skew,9,optimized,student3,0.293
