case,version,strategy,median_ms,min_ms,max_ms
default_t1,original,serial,0.6605,0.647,0.679
default_t1,original,std::thread,0.6785,0.666,0.71
default_t1,original,student1,0.6635,0.647,0.807
default_t1,original,student2,0.661,0.657,0.676
default_t1,original,student3,0.6635,0.655,0.677
default_t1,optimized,serial,0.6635,0.654,0.676
default_t1,optimized,std::thread,0.6805,0.668,0.694
default_t1,optimized,student1,0.661,0.648,0.679
default_t1,optimized,student2,0.661,0.654,0.678
default_t1,optimized,student3,0.498,0.488,0.509
default_t2,original,serial,0.6735,0.664,0.732
default_t2,original,std::thread,0.3955,0.392,0.423
default_t2,original,student1,0.3745,0.37,0.388
default_t2,original,student2,0.345,0.341,0.358
default_t2,original,student3,0.3535,0.351,0.357
default_t2,optimized,serial,0.672,0.665,0.678
default_t2,optimized,std::thread,0.396,0.393,0.416
default_t2,optimized,student1,0.371,0.369,0.396
default_t2,optimized,student2,0.3455,0.34,0.692
default_t2,optimized,student3,0.2645,0.261,0.292
default_t4,original,serial,0.7355,0.679,0.748
default_t4,original,std::thread,0.236,0.228,0.286
default_t4,original,student1,0.2205,0.207,0.27
default_t4,original,student2,0.205,0.196,0.227
default_t4,original,student3,0.2095,0.207,0.291
default_t4,optimized,serial,0.7135,0.677,0.723
default_t4,optimized,std::thread,0.2275,0.224,0.254
default_t4,optimized,student1,0.21,0.207,0.393
default_t4,optimized,student2,0.198,0.195,0.241
default_t4,optimized,student3,0.158,0.151,0.231
default_t8,original,serial,0.7215,0.709,0.74
default_t8,original,std::thread,0.2045,0.202,0.222
default_t8,original,student1,0.184,0.178,0.21
default_t8,original,student2,0.18,0.173,0.404
default_t8,original,student3,0.215,0.206,0.242
default_t8,optimized,serial,0.714,0.681,0.742
default_t8,optimized,std::thread,0.2075,0.204,0.263
default_t8,optimized,student1,0.189,0.175,0.225
default_t8,optimized,student2,0.174,0.17,0.198
default_t8,optimized,student3,0.1665,0.161,0.199
one_dominant,original,serial,0.089,0.084,0.092
one_dominant,original,std::thread,0.1375,0.135,0.143
one_dominant,original,student1,0.1005,0.096,0.105
one_dominant,original,student2,0.095,0.091,0.099
one_dominant,original,student3,0.114,0.109,0.117
one_dominant,optimized,serial,0.0895,0.083,0.094
one_dominant,optimized,std::thread,0.138,0.133,0.142
one_dominant,optimized,student1,0.1025,0.095,0.106
one_dominant,optimized,student2,0.094,0.09,0.098
one_dominant,optimized,student3,0.0355,0.035,0.044
no_long,original,serial,0.1875,0.185,0.19
no_long,original,std::thread,0.1035,0.102,0.114
no_long,original,student1,0.067,0.065,0.083
no_long,original,student2,0.067,0.065,0.087
no_long,original,student3,0.091,0.089,0.332
no_long,optimized,serial,0.1925,0.181,0.197
no_long,optimized,std::thread,0.106,0.101,0.11
no_long,optimized,student1,0.0715,0.066,0.087
no_long,optimized,student2,0.0675,0.066,0.088
no_long,optimized,student3,0.0735,0.066,0.099
large_skew,original,serial,1.2965,1.266,1.325
large_skew,original,std::thread,0.487,0.48,0.501
large_skew,original,student1,0.46,0.45,0.731
large_skew,original,student2,0.273,0.267,0.304
large_skew,original,student3,0.3635,0.354,0.386
large_skew,optimized,serial,1.286,1.224,1.335
large_skew,optimized,std::thread,0.493,0.484,0.504
large_skew,optimized,student1,0.466,0.453,0.512
large_skew,optimized,student2,0.276,0.27,0.323
large_skew,optimized,student3,0.264,0.258,0.317
