case,strategy,trial,ms
default_t1,dynamic_blocks16,0,0.490554
default_t1,student2,0,0.646678
default_t1,static_blocks4,0,0.494246
default_t1,dynamic_blocks4,0,0.48967
default_t1,student1,0,0.641598
default_t1,dynamic_blocks8,0,0.491692
default_t1,dynamic_blocks2,0,0.489806
default_t1,student3,0,0.491112
default_t1,dynamic_blocks2,1,0.492155
default_t1,student1,1,0.64407
default_t1,student2,1,0.651791
default_t1,student3,1,0.495078
default_t1,dynamic_blocks8,1,0.490121
default_t1,static_blocks4,1,0.497441
default_t1,dynamic_blocks16,1,0.492672
default_t1,dynamic_blocks4,1,0.4911
default_t1,dynamic_blocks16,2,0.500398
default_t1,student1,2,0.66244
default_t1,dynamic_blocks4,2,0.502722
default_t1,student3,2,0.50308
default_t1,dynamic_blocks8,2,0.492562
default_t1,static_blocks4,2,0.496372
default_t1,student2,2,0.656172
default_t1,dynamic_blocks2,2,0.504755
default_t1,dynamic_blocks8,3,0.539101
default_t1,student3,3,0.510623
default_t1,student1,3,0.671615
default_t1,static_blocks4,3,0.501346
default_t1,dynamic_blocks4,3,0.496908
default_t1,student2,3,0.656447
default_t1,dynamic_blocks2,3,0.637301
default_t1,dynamic_blocks16,3,0.534985
default_t1,dynamic_blocks4,4,0.495385
default_t1,student2,4,0.659408
default_t1,student3,4,0.498549
default_t1,dynamic_blocks8,4,0.501686
default_t1,dynamic_blocks2,4,0.511122
default_t1,dynamic_blocks16,4,0.502327
default_t1,static_blocks4,4,0.49902
default_t1,student1,4,0.65931
default_t1,dynamic_blocks2,5,0.502291
default_t1,static_blocks4,5,0.499079
default_t1,dynamic_blocks8,5,0.495754
default_t1,dynamic_blocks4,5,0.49927
default_t1,student3,5,0.495649
default_t1,student1,5,0.652905
default_t1,dynamic_blocks16,5,0.499132
default_t1,student2,5,0.656615
default_t1,dynamic_blocks2,6,0.496674
default_t1,dynamic_blocks8,6,0.496433
default_t1,student1,6,0.654631
default_t1,dynamic_blocks4,6,0.49874
default_t1,student3,6,0.496481
default_t1,static_blocks4,6,0.499149
default_t1,dynamic_blocks16,6,0.508723
default_t1,student2,6,0.66312
default_t1,dynamic_blocks8,7,0.496069
default_t1,student1,7,0.659554
default_t1,dynamic_blocks16,7,0.497273
default_t1,student3,7,0.506808
default_t1,static_blocks4,7,0.497272
default_t1,dynamic_blocks4,7,0.499005
default_t1,dynamic_blocks2,7,0.49668
default_t1,student2,7,0.65784
default_t1,student3,8,0.494
default_t1,static_blocks4,8,0.497485
default_t1,dynamic_blocks16,8,0.49594
default_t1,student2,8,0.674628
default_t1,dynamic_blocks8,8,0.49839
default_t1,student1,8,0.656893
default_t1,dynamic_blocks2,8,0.499043
default_t1,dynamic_blocks4,8,0.498338
default_t1,dynamic_blocks4,9,0.501894
default_t1,student2,9,0.668074
default_t1,static_blocks4,9,0.497507
default_t1,student3,9,0.494649
default_t1,dynamic_blocks8,9,0.498466
default_t1,dynamic_blocks16,9,0.499873
default_t1,dynamic_blocks2,9,0.506724
default_t1,student1,9,0.673518
default_t2,dynamic_blocks16,0,0.267082
default_t2,student2,0,0.34868
default_t2,static_blocks4,0,0.263756
default_t2,dynamic_blocks4,0,0.262779
default_t2,student1,0,0.37021
default_t2,dynamic_blocks8,0,0.261244
default_t2,dynamic_blocks2,0,0.260694
default_t2,student3,0,0.262955
default_t2,dynamic_blocks2,1,0.260585
default_t2,student1,1,0.369363
default_t2,student2,1,0.342155
default_t2,student3,1,0.259997
default_t2,dynamic_blocks8,1,0.264109
default_t2,static_blocks4,1,0.261293
default_t2,dynamic_blocks16,1,0.262579
default_t2,dynamic_blocks4,1,0.261005
default_t2,dynamic_blocks16,2,0.265435
default_t2,student1,2,0.372488
default_t2,dynamic_blocks4,2,0.264353
default_t2,student3,2,0.25857
default_t2,dynamic_blocks8,2,0.27008
default_t2,static_blocks4,2,0.260517
default_t2,student2,2,0.344858
default_t2,dynamic_blocks2,2,0.262446
default_t2,dynamic_blocks8,3,0.261324
default_t2,student3,3,0.262843
default_t2,student1,3,0.504888
default_t2,static_blocks4,3,0.303657
default_t2,dynamic_blocks4,3,0.264334
default_t2,student2,3,0.342022
default_t2,dynamic_blocks2,3,0.261942
default_t2,dynamic_blocks16,3,0.261185
default_t2,dynamic_blocks4,4,0.265902
default_t2,student2,4,0.348273
default_t2,student3,4,0.266584
default_t2,dynamic_blocks8,4,0.271161
default_t2,dynamic_blocks2,4,0.265813
default_t2,dynamic_blocks16,4,0.26544
default_t2,static_blocks4,4,0.267313
default_t2,student1,4,0.376802
default_t2,dynamic_blocks2,5,0.268565
default_t2,static_blocks4,5,0.267056
default_t2,dynamic_blocks8,5,0.291473
default_t2,dynamic_blocks4,5,0.265329
default_t2,student3,5,0.265197
default_t2,student1,5,0.375521
default_t2,dynamic_blocks16,5,0.268529
default_t2,student2,5,0.350335
default_t2,dynamic_blocks2,6,0.267431
default_t2,dynamic_blocks8,6,0.269447
default_t2,student1,6,0.382743
default_t2,dynamic_blocks4,6,0.264022
default_t2,student3,6,0.28172
default_t2,static_blocks4,6,0.285013
default_t2,dynamic_blocks16,6,0.292585
default_t2,student2,6,0.370212
default_t2,dynamic_blocks8,7,0.279811
default_t2,student1,7,0.39044
default_t2,dynamic_blocks16,7,0.277778
default_t2,student3,7,0.277838
default_t2,static_blocks4,7,0.275608
default_t2,dynamic_blocks4,7,0.279842
default_t2,dynamic_blocks2,7,0.275137
default_t2,student2,7,0.366704
default_t2,student3,8,0.273263
default_t2,static_blocks4,8,0.275067
default_t2,dynamic_blocks16,8,0.275705
default_t2,student2,8,0.363911
default_t2,dynamic_blocks8,8,0.276537
default_t2,student1,8,0.374546
default_t2,dynamic_blocks2,8,0.262701
default_t2,dynamic_blocks4,8,0.266427
default_t2,dynamic_blocks4,9,0.261964
default_t2,student2,9,0.346203
default_t2,static_blocks4,9,0.261991
default_t2,student3,9,0.264894
default_t2,dynamic_blocks8,9,0.263662
default_t2,dynamic_blocks16,9,0.2617
default_t2,dynamic_blocks2,9,0.262201
default_t2,student1,9,0.374447
default_t4,dynamic_blocks16,0,0.186897
default_t4,student2,0,0.222544
default_t4,static_blocks4,0,0.183166
default_t4,dynamic_blocks4,0,0.20192
default_t4,student1,0,0.254855
default_t4,dynamic_blocks8,0,0.178796
default_t4,dynamic_blocks2,0,0.187252
default_t4,student3,0,0.192673
default_t4,dynamic_blocks2,1,0.226015
default_t4,student1,1,0.299097
default_t4,student2,1,0.229699
default_t4,student3,1,0.18277
default_t4,dynamic_blocks8,1,0.164585
default_t4,static_blocks4,1,0.152522
default_t4,dynamic_blocks16,1,0.155373
default_t4,dynamic_blocks4,1,0.153127
default_t4,dynamic_blocks16,2,0.155252
default_t4,student1,2,0.213417
default_t4,dynamic_blocks4,2,0.159122
default_t4,student3,2,0.152386
default_t4,dynamic_blocks8,2,0.155386
default_t4,static_blocks4,2,0.153075
default_t4,student2,2,0.20421
default_t4,dynamic_blocks2,2,0.151877
default_t4,dynamic_blocks8,3,0.170356
default_t4,student3,3,0.191406
default_t4,student1,3,0.235948
default_t4,static_blocks4,3,0.17042
default_t4,dynamic_blocks4,3,0.182711
default_t4,student2,3,0.224458
default_t4,dynamic_blocks2,3,0.172348
default_t4,dynamic_blocks16,3,0.171282
default_t4,dynamic_blocks4,4,0.191008
default_t4,student2,4,0.22993
default_t4,student3,4,0.172696
default_t4,dynamic_blocks8,4,0.159057
default_t4,dynamic_blocks2,4,0.179965
default_t4,dynamic_blocks16,4,0.164724
default_t4,static_blocks4,4,0.177041
default_t4,student1,4,0.230882
default_t4,dynamic_blocks2,5,0.178532
default_t4,static_blocks4,5,0.185865
default_t4,dynamic_blocks8,5,0.165541
default_t4,dynamic_blocks4,5,0.173217
default_t4,student3,5,0.158938
default_t4,student1,5,0.222205
default_t4,dynamic_blocks16,5,0.1523
default_t4,student2,5,0.204224
default_t4,dynamic_blocks2,6,0.153075
default_t4,dynamic_blocks8,6,0.152087
default_t4,student1,6,0.215554
default_t4,dynamic_blocks4,6,0.158972
default_t4,student3,6,0.151534
default_t4,static_blocks4,6,0.156934
default_t4,dynamic_blocks16,6,0.156007
default_t4,student2,6,0.204605
default_t4,dynamic_blocks8,7,0.15109
default_t4,student1,7,0.222337
default_t4,dynamic_blocks16,7,0.158053
default_t4,student3,7,0.190897
default_t4,static_blocks4,7,0.157098
default_t4,dynamic_blocks4,7,0.154483
default_t4,dynamic_blocks2,7,0.152643
default_t4,student2,7,0.211205
default_t4,student3,8,0.231303
default_t4,static_blocks4,8,0.234866
default_t4,dynamic_blocks16,8,0.181667
default_t4,student2,8,0.203836
default_t4,dynamic_blocks8,8,0.158408
default_t4,student1,8,0.214536
default_t4,dynamic_blocks2,8,0.155035
default_t4,dynamic_blocks4,8,0.152251
default_t4,dynamic_blocks4,9,0.15905
default_t4,student2,9,0.202354
default_t4,static_blocks4,9,0.157066
default_t4,student3,9,0.152095
default_t4,dynamic_blocks8,9,0.155385
default_t4,dynamic_blocks16,9,0.153783
default_t4,dynamic_blocks2,9,0.19022
default_t4,student1,9,0.274792
default_t8,dynamic_blocks16,0,0.12686
default_t8,student2,0,0.164436
default_t8,static_blocks4,0,0.170818
default_t8,dynamic_blocks4,0,0.137226
default_t8,student1,0,0.192766
default_t8,dynamic_blocks8,0,0.140014
default_t8,dynamic_blocks2,0,0.149761
default_t8,student3,0,0.171038
default_t8,dynamic_blocks2,1,0.14786
default_t8,student1,1,0.198392
default_t8,student2,1,0.178314
default_t8,student3,1,0.164368
default_t8,dynamic_blocks8,1,0.142154
default_t8,static_blocks4,1,0.166491
default_t8,dynamic_blocks16,1,0.141811
default_t8,dynamic_blocks4,1,0.14454
default_t8,dynamic_blocks16,2,0.142615
default_t8,student1,2,0.193451
default_t8,dynamic_blocks4,2,0.137019
default_t8,student3,2,0.162844
default_t8,dynamic_blocks8,2,0.139758
default_t8,static_blocks4,2,0.164754
default_t8,student2,2,0.408272
default_t8,dynamic_blocks2,2,0.148435
default_t8,dynamic_blocks8,3,0.138407
default_t8,student3,3,0.164587
default_t8,student1,3,0.194036
default_t8,static_blocks4,3,0.167997
default_t8,dynamic_blocks4,3,0.138567
default_t8,student2,3,0.181863
default_t8,dynamic_blocks2,3,0.148731
default_t8,dynamic_blocks16,3,0.145811
default_t8,dynamic_blocks4,4,0.137161
default_t8,student2,4,0.183801
default_t8,student3,4,0.160961
default_t8,dynamic_blocks8,4,0.155455
default_t8,dynamic_blocks2,4,0.154953
default_t8,dynamic_blocks16,4,0.14606
default_t8,static_blocks4,4,0.164868
default_t8,student1,4,0.198091
default_t8,dynamic_blocks2,5,0.167683
default_t8,static_blocks4,5,0.198684
default_t8,dynamic_blocks8,5,0.168582
default_t8,dynamic_blocks4,5,0.167286
default_t8,student3,5,0.162795
default_t8,student1,5,0.196957
default_t8,dynamic_blocks16,5,0.142697
default_t8,student2,5,0.183237
default_t8,dynamic_blocks2,6,0.147182
default_t8,dynamic_blocks8,6,0.141322
default_t8,student1,6,0.191475
default_t8,dynamic_blocks4,6,0.144869
default_t8,student3,6,0.16313
default_t8,static_blocks4,6,0.166564
default_t8,dynamic_blocks16,6,0.145217
default_t8,student2,6,0.18372
default_t8,dynamic_blocks8,7,0.139294
default_t8,student1,7,0.196368
default_t8,dynamic_blocks16,7,0.144627
default_t8,student3,7,0.162985
default_t8,static_blocks4,7,0.167703
default_t8,dynamic_blocks4,7,0.139875
default_t8,dynamic_blocks2,7,0.155783
default_t8,student2,7,0.18073
default_t8,student3,8,0.164205
default_t8,static_blocks4,8,0.165809
default_t8,dynamic_blocks16,8,0.144619
default_t8,student2,8,0.180215
default_t8,dynamic_blocks8,8,0.15079
default_t8,student1,8,0.196295
default_t8,dynamic_blocks2,8,0.151776
default_t8,dynamic_blocks4,8,0.143934
default_t8,dynamic_blocks4,9,0.147279
default_t8,student2,9,0.185317
default_t8,static_blocks4,9,0.201905
default_t8,student3,9,0.174974
default_t8,dynamic_blocks8,9,0.159035
default_t8,dynamic_blocks16,9,0.151315
default_t8,dynamic_blocks2,9,0.163738
default_t8,student1,9,0.208406
one_dominant,dynamic_blocks16,0,0.044065
one_dominant,student2,0,0.096986
one_dominant,static_blocks4,0,0.04334
one_dominant,dynamic_blocks4,0,0.041039
one_dominant,student1,0,0.102075
one_dominant,dynamic_blocks8,0,0.042504
one_dominant,dynamic_blocks2,0,0.040299
one_dominant,student3,0,0.03978
one_dominant,dynamic_blocks2,1,0.040003
one_dominant,student1,1,0.105078
one_dominant,student2,1,0.099365
one_dominant,student3,1,0.039143
one_dominant,dynamic_blocks8,1,0.042555
one_dominant,static_blocks4,1,0.039349
one_dominant,dynamic_blocks16,1,0.043896
one_dominant,dynamic_blocks4,1,0.041777
one_dominant,dynamic_blocks16,2,0.04363
one_dominant,student1,2,0.118622
one_dominant,dynamic_blocks4,2,0.042252
one_dominant,student3,2,0.041591
one_dominant,dynamic_blocks8,2,0.043455
one_dominant,static_blocks4,2,0.039166
one_dominant,student2,2,0.100644
one_dominant,dynamic_blocks2,2,0.043178
one_dominant,dynamic_blocks8,3,0.04266
one_dominant,student3,3,0.03947
one_dominant,student1,3,0.106125
one_dominant,static_blocks4,3,0.039783
one_dominant,dynamic_blocks4,3,0.040926
one_dominant,student2,3,0.097056
one_dominant,dynamic_blocks2,3,0.039079
one_dominant,dynamic_blocks16,3,0.042204
one_dominant,dynamic_blocks4,4,0.04112
one_dominant,student2,4,0.096127
one_dominant,student3,4,0.038839
one_dominant,dynamic_blocks8,4,0.040148
one_dominant,dynamic_blocks2,4,0.042643
one_dominant,dynamic_blocks16,4,0.042703
one_dominant,static_blocks4,4,0.036309
one_dominant,student1,4,0.104637
one_dominant,dynamic_blocks2,5,0.037707
one_dominant,static_blocks4,5,0.038797
one_dominant,dynamic_blocks8,5,0.041645
one_dominant,dynamic_blocks4,5,0.04334
one_dominant,student3,5,0.041784
one_dominant,student1,5,0.104732
one_dominant,dynamic_blocks16,5,0.04207
one_dominant,student2,5,0.095755
one_dominant,dynamic_blocks2,6,0.03794
one_dominant,dynamic_blocks8,6,0.039205
one_dominant,student1,6,0.103428
one_dominant,dynamic_blocks4,6,0.039098
one_dominant,student3,6,0.034767
one_dominant,static_blocks4,6,0.037972
one_dominant,dynamic_blocks16,6,0.045321
one_dominant,student2,6,0.098037
one_dominant,dynamic_blocks8,7,0.047103
one_dominant,student1,7,0.099415
one_dominant,dynamic_blocks16,7,0.049045
one_dominant,student3,7,0.044125
one_dominant,static_blocks4,7,0.047069
one_dominant,dynamic_blocks4,7,0.047698
one_dominant,dynamic_blocks2,7,0.046852
one_dominant,student2,7,0.098274
one_dominant,student3,8,0.039811
one_dominant,static_blocks4,8,0.036066
one_dominant,dynamic_blocks16,8,0.042915
one_dominant,student2,8,0.097884
one_dominant,dynamic_blocks8,8,0.039461
one_dominant,student1,8,0.104878
one_dominant,dynamic_blocks2,8,0.041757
one_dominant,dynamic_blocks4,8,0.039053
one_dominant,dynamic_blocks4,9,0.038686
one_dominant,student2,9,0.098227
one_dominant,static_blocks4,9,0.035562
one_dominant,student3,9,0.035458
one_dominant,dynamic_blocks8,9,0.039234
one_dominant,dynamic_blocks16,9,0.044181
one_dominant,dynamic_blocks2,9,0.038373
one_dominant,student1,9,0.10364
no_long,dynamic_blocks16,0,0.067685
no_long,student2,0,0.069818
no_long,static_blocks4,0,0.065623
no_long,dynamic_blocks4,0,0.068503
no_long,student1,0,0.065798
no_long,dynamic_blocks8,0,0.070302
no_long,dynamic_blocks2,0,0.076861
no_long,student3,0,0.069691
no_long,dynamic_blocks2,1,0.067779
no_long,student1,1,0.06769
no_long,student2,1,0.066525
no_long,student3,1,0.067684
no_long,dynamic_blocks8,1,0.069753
no_long,static_blocks4,1,0.072273
no_long,dynamic_blocks16,1,0.068459
no_long,dynamic_blocks4,1,0.06616
no_long,dynamic_blocks16,2,0.06994
no_long,student1,2,0.069973
no_long,dynamic_blocks4,2,0.068282
no_long,student3,2,0.06728
no_long,dynamic_blocks8,2,0.069364
no_long,static_blocks4,2,0.078017
no_long,student2,2,0.072078
no_long,dynamic_blocks2,2,0.078634
no_long,dynamic_blocks8,3,0.073151
no_long,student3,3,0.086062
no_long,student1,3,0.083675
no_long,static_blocks4,3,0.076041
no_long,dynamic_blocks4,3,0.070786
no_long,student2,3,0.071952
no_long,dynamic_blocks2,3,0.071432
no_long,dynamic_blocks16,3,0.075028
no_long,dynamic_blocks4,4,0.070797
no_long,student2,4,0.071042
no_long,student3,4,0.077836
no_long,dynamic_blocks8,4,0.075292
no_long,dynamic_blocks2,4,0.079437
no_long,dynamic_blocks16,4,0.091217
no_long,static_blocks4,4,0.083897
no_long,student1,4,0.082615
no_long,dynamic_blocks2,5,0.069123
no_long,static_blocks4,5,0.078124
no_long,dynamic_blocks8,5,0.078242
no_long,dynamic_blocks4,5,0.07475
no_long,student3,5,0.094998
no_long,student1,5,0.084152
no_long,dynamic_blocks16,5,0.073071
no_long,student2,5,0.073501
no_long,dynamic_blocks2,6,0.07312
no_long,dynamic_blocks8,6,0.073205
no_long,student1,6,0.073941
no_long,dynamic_blocks4,6,0.07361
no_long,student3,6,0.07812
no_long,static_blocks4,6,0.076551
no_long,dynamic_blocks16,6,0.075932
no_long,student2,6,0.070532
no_long,dynamic_blocks8,7,0.074771
no_long,student1,7,0.089363
no_long,dynamic_blocks16,7,0.081023
no_long,student3,7,0.074786
no_long,static_blocks4,7,0.079778
no_long,dynamic_blocks4,7,0.085026
no_long,dynamic_blocks2,7,0.073374
no_long,student2,7,0.070101
no_long,student3,8,0.079458
no_long,static_blocks4,8,0.082112
no_long,dynamic_blocks16,8,0.076571
no_long,student2,8,0.071242
no_long,dynamic_blocks8,8,0.07614
no_long,student1,8,0.086646
no_long,dynamic_blocks2,8,0.074502
no_long,dynamic_blocks4,8,0.071267
no_long,dynamic_blocks4,9,0.070264
no_long,student2,9,0.077212
no_long,static_blocks4,9,0.084484
no_long,student3,9,0.073405
no_long,dynamic_blocks8,9,0.071563
no_long,dynamic_blocks16,9,0.083014
no_long,dynamic_blocks2,9,0.075195
no_long,student1,9,0.07705
empty_short,dynamic_blocks16,0,0.03433
empty_short,student2,0,0.029805
empty_short,static_blocks4,0,0.028127
empty_short,dynamic_blocks4,0,0.031816
empty_short,student1,0,0.036972
empty_short,dynamic_blocks8,0,0.035955
empty_short,dynamic_blocks2,0,0.029041
empty_short,student3,0,0.025454
empty_short,dynamic_blocks2,1,0.03013
empty_short,student1,1,0.034199
empty_short,student2,1,0.029256
empty_short,student3,1,0.026485
empty_short,dynamic_blocks8,1,0.030974
empty_short,static_blocks4,1,0.025543
empty_short,dynamic_blocks16,1,0.032433
empty_short,dynamic_blocks4,1,0.030406
empty_short,dynamic_blocks16,2,0.032659
empty_short,student1,2,0.035462
empty_short,dynamic_blocks4,2,0.029995
empty_short,student3,2,0.026223
empty_short,dynamic_blocks8,2,0.030604
empty_short,static_blocks4,2,0.026397
empty_short,student2,2,0.029383
empty_short,dynamic_blocks2,2,0.028939
empty_short,dynamic_blocks8,3,0.030573
empty_short,student3,3,0.026418
empty_short,student1,3,0.035877
empty_short,static_blocks4,3,0.026146
empty_short,dynamic_blocks4,3,0.03054
empty_short,student2,3,0.030534
empty_short,dynamic_blocks2,3,0.029148
empty_short,dynamic_blocks16,3,0.031315
empty_short,dynamic_blocks4,4,0.030287
empty_short,student2,4,0.029267
empty_short,student3,4,0.025426
empty_short,dynamic_blocks8,4,0.031045
empty_short,dynamic_blocks2,4,0.028672
empty_short,dynamic_blocks16,4,0.032553
empty_short,static_blocks4,4,0.026224
empty_short,student1,4,0.036805
empty_short,dynamic_blocks2,5,0.028782
empty_short,static_blocks4,5,0.027632
empty_short,dynamic_blocks8,5,0.031249
empty_short,dynamic_blocks4,5,0.030098
empty_short,student3,5,0.026596
empty_short,student1,5,0.035687
empty_short,dynamic_blocks16,5,0.032055
empty_short,student2,5,0.028452
empty_short,dynamic_blocks2,6,0.029719
empty_short,dynamic_blocks8,6,0.031363
empty_short,student1,6,0.035238
empty_short,dynamic_blocks4,6,0.030835
empty_short,student3,6,0.028148
empty_short,static_blocks4,6,0.028628
empty_short,dynamic_blocks16,6,0.035455
empty_short,student2,6,0.029987
empty_short,dynamic_blocks8,7,0.034702
empty_short,student1,7,0.03478
empty_short,dynamic_blocks16,7,0.035555
empty_short,student3,7,0.026161
empty_short,static_blocks4,7,0.026273
empty_short,dynamic_blocks4,7,0.032393
empty_short,dynamic_blocks2,7,0.02953
empty_short,student2,7,0.028399
empty_short,student3,8,0.026354
empty_short,static_blocks4,8,0.026336
empty_short,dynamic_blocks16,8,0.032082
empty_short,student2,8,0.029225
empty_short,dynamic_blocks8,8,0.030911
empty_short,student1,8,0.03559
empty_short,dynamic_blocks2,8,0.029531
empty_short,dynamic_blocks4,8,0.02913
empty_short,dynamic_blocks4,9,0.03072
empty_short,student2,9,0.028074
empty_short,static_blocks4,9,0.027552
empty_short,student3,9,0.034028
empty_short,dynamic_blocks8,9,0.03373
empty_short,dynamic_blocks16,9,0.03718
empty_short,dynamic_blocks2,9,0.03462
empty_short,student1,9,0.037326
large_skew,dynamic_blocks16,0,0.261567
large_skew,student2,0,0.272736
large_skew,static_blocks4,0,0.267273
large_skew,dynamic_blocks4,0,0.237853
large_skew,student1,0,0.478668
large_skew,dynamic_blocks8,0,0.237064
large_skew,dynamic_blocks2,0,0.235337
large_skew,student3,0,0.270095
large_skew,dynamic_blocks2,1,0.235348
large_skew,student1,1,0.49013
large_skew,student2,1,0.274752
large_skew,student3,1,0.261999
large_skew,dynamic_blocks8,1,0.238386
large_skew,static_blocks4,1,0.266515
large_skew,dynamic_blocks16,1,0.233903
large_skew,dynamic_blocks4,1,0.23385
large_skew,dynamic_blocks16,2,0.244638
large_skew,student1,2,0.484575
large_skew,dynamic_blocks4,2,0.234926
large_skew,student3,2,0.270808
large_skew,dynamic_blocks8,2,0.235035
large_skew,static_blocks4,2,0.262823
large_skew,student2,2,0.291053
large_skew,dynamic_blocks2,2,0.247812
large_skew,dynamic_blocks8,3,0.236597
large_skew,student3,3,0.26799
large_skew,student1,3,0.48571
large_skew,static_blocks4,3,0.262694
large_skew,dynamic_blocks4,3,0.233003
large_skew,student2,3,0.28353
large_skew,dynamic_blocks2,3,0.242125
large_skew,dynamic_blocks16,3,0.260016
large_skew,dynamic_blocks4,4,0.239635
large_skew,student2,4,0.322864
large_skew,student3,4,0.328603
large_skew,dynamic_blocks8,4,0.252928
large_skew,dynamic_blocks2,4,0.24217
large_skew,dynamic_blocks16,4,0.241247
large_skew,static_blocks4,4,0.269619
large_skew,student1,4,0.701453
large_skew,dynamic_blocks2,5,0.236631
large_skew,static_blocks4,5,0.269599
large_skew,dynamic_blocks8,5,0.241542
large_skew,dynamic_blocks4,5,0.234478
large_skew,student3,5,0.26638
large_skew,student1,5,0.492576
large_skew,dynamic_blocks16,5,0.231424
large_skew,student2,5,0.28333
large_skew,dynamic_blocks2,6,0.237445
large_skew,dynamic_blocks8,6,0.235048
large_skew,student1,6,0.490429
large_skew,dynamic_blocks4,6,0.237356
large_skew,student3,6,0.263728
large_skew,static_blocks4,6,0.26764
large_skew,dynamic_blocks16,6,0.233651
large_skew,student2,6,0.288116
large_skew,dynamic_blocks8,7,0.235794
large_skew,student1,7,0.480333
large_skew,dynamic_blocks16,7,0.231903
large_skew,student3,7,0.264765
large_skew,static_blocks4,7,0.268607
large_skew,dynamic_blocks4,7,0.236602
large_skew,dynamic_blocks2,7,0.233072
large_skew,student2,7,0.286689
large_skew,student3,8,0.267511
large_skew,static_blocks4,8,0.296502
large_skew,dynamic_blocks16,8,0.235318
large_skew,student2,8,0.287976
large_skew,dynamic_blocks8,8,0.281652
large_skew,student1,8,0.526264
large_skew,dynamic_blocks2,8,0.231366
large_skew,dynamic_blocks4,8,0.2338
large_skew,dynamic_blocks4,9,0.236674
large_skew,student2,9,0.28892
large_skew,static_blocks4,9,0.270387
large_skew,student3,9,0.26439
large_skew,dynamic_blocks8,9,0.240251
large_skew,dynamic_blocks16,9,0.25746
large_skew,dynamic_blocks2,9,0.305277
large_skew,student1,9,0.493104
