case,strategy,median_ms,min_ms,max_ms
default_t1,dynamic_blocks16,0.4995025,0.490554,0.534985
default_t1,student2,0.6572275,0.646678,0.674628
default_t1,static_blocks4,0.497496,0.494246,0.501346
default_t1,dynamic_blocks4,0.498539,0.48967,0.502722
default_t1,student1,0.6581014999999999,0.641598,0.673518
default_t1,dynamic_blocks8,0.496251,0.490121,0.539101
default_t1,dynamic_blocks2,0.500667,0.489806,0.637301
default_t1,student3,0.496065,0.491112,0.510623
default_t2,dynamic_blocks16,0.26626099999999997,0.261185,0.292585
default_t2,student2,0.34847649999999997,0.342022,0.370212
default_t2,static_blocks4,0.26718450000000005,0.260517,0.303657
default_t2,dynamic_blocks4,0.2643435,0.261005,0.279842
default_t2,student1,0.3750335,0.369363,0.504888
default_t2,dynamic_blocks8,0.2697635,0.261244,0.291473
default_t2,dynamic_blocks2,0.2625735,0.260585,0.275137
default_t2,student3,0.26504550000000004,0.25857,0.28172
default_t4,dynamic_blocks16,0.15703,0.1523,0.186897
default_t4,student2,0.207905,0.202354,0.22993
default_t4,static_blocks4,0.163759,0.152522,0.234866
default_t4,dynamic_blocks4,0.159086,0.152251,0.20192
default_t4,student1,0.22660950000000002,0.213417,0.299097
default_t4,dynamic_blocks8,0.1587325,0.15109,0.178796
default_t4,dynamic_blocks2,0.17543999999999998,0.151877,0.226015
default_t4,student3,0.17773299999999997,0.151534,0.231303
default_t8,dynamic_blocks16,0.144623,0.12686,0.151315
default_t8,student2,0.18255,0.164436,0.408272
default_t8,static_blocks4,0.1671335,0.164754,0.201905
default_t8,dynamic_blocks4,0.1419045,0.137019,0.167286
default_t8,student1,0.1963315,0.191475,0.208406
default_t8,dynamic_blocks8,0.141738,0.138407,0.168582
default_t8,dynamic_blocks2,0.1507685,0.147182,0.167683
default_t8,student3,0.1636675,0.160961,0.174974
one_dominant,dynamic_blocks16,0.043762999999999996,0.04207,0.049045
one_dominant,student2,0.0979605,0.095755,0.100644
one_dominant,static_blocks4,0.0389815,0.035562,0.047069
one_dominant,dynamic_blocks4,0.0410795,0.038686,0.047698
one_dominant,student1,0.1046845,0.099415,0.118622
one_dominant,dynamic_blocks8,0.0420745,0.039205,0.047103
one_dominant,dynamic_blocks2,0.040151,0.037707,0.046852
one_dominant,student3,0.039625,0.034767,0.044125
no_long,dynamic_blocks16,0.07547999999999999,0.067685,0.091217
no_long,student2,0.071142,0.066525,0.077212
no_long,static_blocks4,0.0780705,0.065623,0.084484
no_long,dynamic_blocks4,0.07079150000000001,0.06616,0.085026
no_long,student1,0.0798325,0.065798,0.089363
no_long,dynamic_blocks8,0.07317799999999999,0.069364,0.078242
no_long,dynamic_blocks2,0.073938,0.067779,0.079437
no_long,student3,0.076311,0.06728,0.094998
empty_short,dynamic_blocks16,0.032605999999999996,0.031315,0.03718
empty_short,student2,0.029261500000000003,0.028074,0.030534
empty_short,static_blocks4,0.0263665,0.025543,0.028628
empty_short,dynamic_blocks4,0.030473,0.02913,0.032393
empty_short,student1,0.035638500000000004,0.034199,0.037326
empty_short,dynamic_blocks8,0.031147,0.030573,0.035955
empty_short,dynamic_blocks2,0.029339,0.028672,0.03462
empty_short,student3,0.026386,0.025426,0.034028
large_skew,dynamic_blocks16,0.2382825,0.231424,0.261567
large_skew,student2,0.2873325,0.272736,0.322864
large_skew,static_blocks4,0.26812349999999996,0.262694,0.296502
large_skew,dynamic_blocks4,0.235764,0.233003,0.239635
large_skew,student1,0.4902795,0.478668,0.701453
large_skew,dynamic_blocks8,0.237725,0.235035,0.281652
large_skew,dynamic_blocks2,0.237038,0.231366,0.305277
large_skew,student3,0.2669455,0.261999,0.328603
